{
  "overall_results": [
    {
      "model": "vanilla_rnn",
      "token_accuracy": 10.050496823586903,
      "bleu_score": 8.976476297044442,
      "exact_match_accuracy": 0.0,
      "syntax_accuracy": 0.0,
      "num_samples": 100
    },
    {
      "model": "lstm",
      "token_accuracy": 11.312917413259488,
      "bleu_score": 11.067794703639828,
      "exact_match_accuracy": 0.0,
      "syntax_accuracy": 5.0,
      "num_samples": 100
    },
    {
      "model": "lstm_attention",
      "token_accuracy": 10.596188304284086,
      "bleu_score": 11.979184639853935,
      "exact_match_accuracy": 0.0,
      "syntax_accuracy": 0.0,
      "num_samples": 100
    },
    {
      "model": "transformer",
      "token_accuracy": 0.5131128848346637,
      "bleu_score": 3.1200465117225096,
      "exact_match_accuracy": 0.0,
      "syntax_accuracy": 83.0,
      "num_samples": 100
    }
  ],
  "performance_by_length": {
    "vanilla_rnn": {
      "0": {
        "bleu": 6.747989020077134,
        "count": 13
      },
      "10": {
        "bleu": 8.368979215024034,
        "count": 28
      },
      "20": {
        "bleu": 6.917399781185985,
        "count": 10
      },
      "30": {
        "bleu": 6.7300462528533345,
        "count": 6
      },
      "50": {
        "bleu": 6.460193624520951,
        "count": 5
      },
      "60": {
        "bleu": 6.645922480763213,
        "count": 13
      },
      "100": {
        "bleu": 6.885009209053832,
        "count": 14
      }
    },
    "lstm": {
      "0": {
        "bleu": 1.0783450803389805,
        "count": 13
      },
      "10": {
        "bleu": 2.2350063667761977,
        "count": 28
      },
      "20": {
        "bleu": 8.872912385562834,
        "count": 10
      },
      "30": {
        "bleu": 5.841983307904981,
        "count": 6
      },
      "50": {
        "bleu": 5.733294828447495,
        "count": 5
      },
      "60": {
        "bleu": 9.653912324940588,
        "count": 13
      },
      "100": {
        "bleu": 6.040539232797882,
        "count": 14
      }
    },
    "lstm_attention": {
      "0": {
        "bleu": 2.9667691096644555,
        "count": 13
      },
      "10": {
        "bleu": 10.710295901430348,
        "count": 28
      },
      "20": {
        "bleu": 9.310064848126766,
        "count": 10
      },
      "30": {
        "bleu": 8.707485220540603,
        "count": 6
      },
      "50": {
        "bleu": 9.415807044131421,
        "count": 5
      },
      "60": {
        "bleu": 10.251997832818262,
        "count": 13
      },
      "100": {
        "bleu": 10.558078909629874,
        "count": 14
      }
    },
    "transformer": {
      "0": {
        "bleu": 0.0,
        "count": 13
      },
      "10": {
        "bleu": 3.0578549735655165,
        "count": 28
      },
      "20": {
        "bleu": 0.0,
        "count": 10
      },
      "30": {
        "bleu": 0.0,
        "count": 6
      },
      "50": {
        "bleu": 0.0,
        "count": 5
      },
      "60": {
        "bleu": 0.0,
        "count": 13
      },
      "100": {
        "bleu": 0.0,
        "count": 14
      }
    }
  }
}